[
  {
    "id": "77ba4551-86e1-49e2-b8d9-24da73589996",
    "data": [
      {
        "text": "let me guess yeah ",
        "userDefined": false
      },
      {
        "text": "check in",
        "meta": "@sys.any",
        "alias": "any",
        "userDefined": true
      },
      {
        "text": " on ",
        "userDefined": false
      },
      {
        "text": "10 may 2012",
        "meta": "@sys.date-time",
        "alias": "date-time",
        "userDefined": true
      }
    ],
    "isTemplate": false,
    "count": 0,
    "lang": "en",
    "updated": 0
  },
  {
    "id": "89984b0c-5cd4-4a08-8a7d-122a63408579",
    "data": [
      {
        "text": "i want ",
        "userDefined": false
      },
      {
        "text": "check in",
        "meta": "@sys.any",
        "alias": "any",
        "userDefined": true
      },
      {
        "text": " ",
        "userDefined": false
      },
      {
        "text": "10 may 2020",
        "meta": "@sys.date-time",
        "alias": "date-time",
        "userDefined": true
      }
    ],
    "isTemplate": false,
    "count": 0,
    "lang": "en",
    "updated": 0
  },
  {
    "id": "eeac5cbe-be33-4d46-8901-6ed793e4b1ed",
    "data": [
      {
        "text": "check in",
        "meta": "@sys.any",
        "alias": "any",
        "userDefined": true
      },
      {
        "text": " on ",
        "userDefined": false
      },
      {
        "text": "april 10 2020",
        "meta": "@sys.date-time",
        "alias": "date-time",
        "userDefined": true
      }
    ],
    "isTemplate": false,
    "count": 0,
    "lang": "en",
    "updated": 0
  },
  {
    "id": "bee2aefe-6062-4465-913a-700167c9e776",
    "data": [
      {
        "text": "check in",
        "meta": "@sys.any",
        "alias": "any",
        "userDefined": true
      },
      {
        "text": " on ",
        "userDefined": false
      },
      {
        "text": "may 12 2020",
        "meta": "@sys.date-time",
        "alias": "date-time",
        "userDefined": true
      }
    ],
    "isTemplate": false,
    "count": 0,
    "lang": "en",
    "updated": 0
  },
  {
    "id": "7978d2c9-5ee2-48c2-a1de-2f09a62c081a",
    "data": [
      {
        "text": "check in",
        "meta": "@sys.any",
        "alias": "any",
        "userDefined": true
      },
      {
        "text": " on ",
        "userDefined": false
      },
      {
        "text": "12 august 2020",
        "meta": "@sys.date-time",
        "alias": "date-time",
        "userDefined": true
      }
    ],
    "isTemplate": false,
    "count": 0,
    "lang": "en",
    "updated": 0
  },
  {
    "id": "5597d6ed-adb7-48fe-8a57-7ca3377235d6",
    "data": [
      {
        "text": "checkin",
        "meta": "@sys.any",
        "alias": "any",
        "userDefined": true
      },
      {
        "text": " monday ",
        "userDefined": false
      },
      {
        "text": "10 may 2020",
        "meta": "@sys.date-time",
        "alias": "date-time",
        "userDefined": true
      }
    ],
    "isTemplate": false,
    "count": 0,
    "lang": "en",
    "updated": 0
  },
  {
    "id": "fcad7365-8bbe-4cce-a0c2-bfaccf6f2d44",
    "data": [
      {
        "text": "I would like to ",
        "userDefined": false
      },
      {
        "text": "check in",
        "meta": "@sys.any",
        "alias": "any",
        "userDefined": true
      },
      {
        "text": " ",
        "userDefined": false
      },
      {
        "text": "monday 15 August 2020",
        "meta": "@sys.date-time",
        "alias": "date-time",
        "userDefined": false
      }
    ],
    "isTemplate": false,
    "count": 0,
    "lang": "en",
    "updated": 0
  }
]