[
  {
    "id": "15c94b7c-015a-497b-bca8-0a64c3c2a485",
    "data": [
      {
        "text": "check out",
        "meta": "@sys.any",
        "alias": "any",
        "userDefined": true
      },
      {
        "text": " ",
        "userDefined": false
      },
      {
        "text": "10 april 2020",
        "meta": "@sys.date",
        "alias": "date",
        "userDefined": true
      }
    ],
    "isTemplate": false,
    "count": 0,
    "lang": "en",
    "updated": 0
  },
  {
    "id": "e4d2f235-b29f-499d-80f4-b0e9f417677d",
    "data": [
      {
        "text": "I want to ",
        "userDefined": false
      },
      {
        "text": "check out",
        "meta": "@sys.any",
        "alias": "any",
        "userDefined": true
      },
      {
        "text": " ",
        "userDefined": false
      },
      {
        "text": "10  september 2012",
        "meta": "@sys.date",
        "alias": "date",
        "userDefined": true
      }
    ],
    "isTemplate": false,
    "count": 0,
    "lang": "en",
    "updated": 0
  },
  {
    "id": "3bd2a4e7-28c5-401b-a455-471e7d39571c",
    "data": [
      {
        "text": "check out",
        "meta": "@sys.any",
        "alias": "any",
        "userDefined": true
      },
      {
        "text": " on ",
        "userDefined": false
      },
      {
        "text": "12 may 2020",
        "meta": "@sys.date",
        "alias": "date",
        "userDefined": true
      }
    ],
    "isTemplate": false,
    "count": 0,
    "lang": "en",
    "updated": 0
  },
  {
    "id": "63f7ae75-c4af-49f4-8a6f-98ce94514df7",
    "data": [
      {
        "text": "I would like to ",
        "userDefined": false
      },
      {
        "text": "check out",
        "meta": "@sys.any",
        "alias": "any",
        "userDefined": true
      },
      {
        "text": " on ",
        "userDefined": false
      },
      {
        "text": "14 August 2020",
        "meta": "@sys.date",
        "alias": "date",
        "userDefined": true
      }
    ],
    "isTemplate": false,
    "count": 0,
    "lang": "en",
    "updated": 0
  }
]