[
  {
    "id": "734bdab0-985b-4bcb-b051-05384132c0c0",
    "data": [
      {
        "text": "pune",
        "meta": "@sys.any",
        "alias": "city",
        "userDefined": true
      }
    ],
    "isTemplate": false,
    "count": 0,
    "lang": "en",
    "updated": 0
  },
  {
    "id": "2c55a22e-5bd1-46a8-8b84-b982bde54f17",
    "data": [
      {
        "text": "mumbai",
        "meta": "@sys.any",
        "alias": "city",
        "userDefined": true
      }
    ],
    "isTemplate": false,
    "count": 0,
    "lang": "en",
    "updated": 0
  },
  {
    "id": "1ab9122c-0525-459f-8c72-afd112b3822e",
    "data": [
      {
        "text": "latur",
        "meta": "@sys.any",
        "alias": "city",
        "userDefined": true
      }
    ],
    "isTemplate": false,
    "count": 0,
    "lang": "en",
    "updated": 0
  }
]