[
  {
    "id": "67af2ab9-3cf5-4690-ae7d-52c17f3fc32b",
    "data": [
      {
        "text": "rtattapure@gmail.com",
        "meta": "@sys.email",
        "alias": "email",
        "userDefined": true
      }
    ],
    "isTemplate": false,
    "count": 0,
    "lang": "en",
    "updated": 0
  },
  {
    "id": "1d5897bd-cdee-4e6f-b8c5-f1ad20a61249",
    "data": [
      {
        "text": "khayummujawar786@gmail.com",
        "meta": "@sys.email",
        "alias": "email",
        "userDefined": true
      }
    ],
    "isTemplate": false,
    "count": 0,
    "lang": "en",
    "updated": 0
  },
  {
    "id": "e1f1e75e-b101-4069-ad8e-e8b2c2825fb1",
    "data": [
      {
        "text": "mail id ",
        "userDefined": false
      },
      {
        "text": "test@gmail.com",
        "meta": "@sys.email",
        "alias": "email",
        "userDefined": true
      }
    ],
    "isTemplate": false,
    "count": 0,
    "lang": "en",
    "updated": 0
  },
  {
    "id": "312f77c6-c4ed-4ad4-9c85-319b09e8fe22",
    "data": [
      {
        "text": "email id ",
        "userDefined": false
      },
      {
        "text": "ex@gmail.com",
        "meta": "@sys.email",
        "alias": "email",
        "userDefined": true
      }
    ],
    "isTemplate": false,
    "count": 0,
    "lang": "en",
    "updated": 0
  },
  {
    "id": "4e7be53f-f5af-49f4-b572-e26e5cc54252",
    "data": [
      {
        "text": "irfan@gmail.com",
        "meta": "@sys.email",
        "alias": "email",
        "userDefined": false
      }
    ],
    "isTemplate": false,
    "count": 0,
    "lang": "en",
    "updated": 0
  },
  {
    "id": "3bec033e-d7c8-47b6-b400-5e3455edebe3",
    "data": [
      {
        "text": "imran@gmail.com",
        "meta": "@sys.email",
        "alias": "email",
        "userDefined": true
      }
    ],
    "isTemplate": false,
    "count": 1,
    "lang": "en",
    "updated": 0
  },
  {
    "id": "f51cfa1e-97d1-43b2-9e36-1f8a651dd5ea",
    "data": [
      {
        "text": "my email address is ",
        "userDefined": false
      },
      {
        "text": "test@gmail.com",
        "meta": "@sys.email",
        "alias": "email",
        "userDefined": true
      }
    ],
    "isTemplate": false,
    "count": 0,
    "lang": "en",
    "updated": 0
  }
]