[
  {
    "id": "1540146e-c34e-4dc1-a47c-8222164d7999",
    "data": [
      {
        "text": "mob no is  ",
        "userDefined": false
      },
      {
        "text": "7710881086",
        "meta": "@sys.number-integer",
        "alias": "mobile",
        "userDefined": true
      }
    ],
    "isTemplate": false,
    "count": 0,
    "lang": "en",
    "updated": 0
  },
  {
    "id": "4aaaf6c1-c90a-488f-ac9e-27306f9c1f65",
    "data": [
      {
        "text": "mobile number ",
        "userDefined": false
      },
      {
        "text": "9881342521",
        "meta": "@sys.number-integer",
        "alias": "mobile",
        "userDefined": true
      }
    ],
    "isTemplate": false,
    "count": 0,
    "lang": "en",
    "updated": 0
  },
  {
    "id": "b4723865-7574-4c84-9436-c374c234a0c6",
    "data": [
      {
        "text": "my mobile no is ",
        "userDefined": false
      },
      {
        "text": "8208441436",
        "meta": "@sys.number-integer",
        "alias": "mobile",
        "userDefined": true
      }
    ],
    "isTemplate": false,
    "count": 0,
    "lang": "en",
    "updated": 0
  },
  {
    "id": "79a950b2-2add-45bd-b0f3-72b5b92680d5",
    "data": [
      {
        "text": "7710881086",
        "meta": "@sys.number-integer",
        "alias": "mobile",
        "userDefined": true
      }
    ],
    "isTemplate": false,
    "count": 0,
    "lang": "en",
    "updated": 0
  }
]