[
  {
    "id": "b6b0ac20-047c-47df-9bea-fdfa2e437b5f",
    "data": [
      {
        "text": "Tattapure",
        "meta": "@sys.given-name",
        "alias": "name",
        "userDefined": true
      }
    ],
    "isTemplate": false,
    "count": 0,
    "lang": "en",
    "updated": 0
  },
  {
    "id": "471cc3f1-f294-402e-a9ea-e49e1fdd9b42",
    "data": [
      {
        "text": "Rajkumar",
        "meta": "@sys.given-name",
        "alias": "name",
        "userDefined": true
      }
    ],
    "isTemplate": false,
    "count": 0,
    "lang": "en",
    "updated": 0
  },
  {
    "id": "f201d511-74e1-4d81-8672-4836261f7b45",
    "data": [
      {
        "text": "Rajkumar Tattapure",
        "meta": "@sys.given-name",
        "alias": "name",
        "userDefined": true
      }
    ],
    "isTemplate": false,
    "count": 1,
    "lang": "en",
    "updated": 0
  },
  {
    "id": "97cf5284-bcf9-45c2-8736-5bcad82c47c0",
    "data": [
      {
        "text": "raj tattapure",
        "meta": "@sys.given-name",
        "alias": "name",
        "userDefined": true
      }
    ],
    "isTemplate": false,
    "count": 0,
    "lang": "en",
    "updated": 0
  },
  {
    "id": "13fa2af2-b94e-468e-9189-fb3819019744",
    "data": [
      {
        "text": "my name is ",
        "userDefined": false
      },
      {
        "text": "khayum mujawar",
        "meta": "@sys.given-name",
        "alias": "name",
        "userDefined": true
      }
    ],
    "isTemplate": false,
    "count": 0,
    "lang": "en",
    "updated": 0
  },
  {
    "id": "8abb3053-72c0-4c7f-abfd-e53bdae7306f",
    "data": [
      {
        "text": "Khayum Mujawar",
        "meta": "@sys.given-name",
        "alias": "name",
        "userDefined": true
      }
    ],
    "isTemplate": false,
    "count": 0,
    "lang": "en",
    "updated": 0
  },
  {
    "id": "df709f00-7280-4f28-931f-9ce41282a49e",
    "data": [
      {
        "text": "people call me ",
        "userDefined": false
      },
      {
        "text": "raj",
        "meta": "@sys.given-name",
        "alias": "name",
        "userDefined": true
      }
    ],
    "isTemplate": false,
    "count": 0,
    "lang": "en",
    "updated": 0
  },
  {
    "id": "cef2a8d0-74f7-4410-9960-2814d5ae794a",
    "data": [
      {
        "text": "madan",
        "meta": "@sys.given-name",
        "alias": "name",
        "userDefined": true
      }
    ],
    "isTemplate": false,
    "count": 0,
    "lang": "en",
    "updated": 0
  },
  {
    "id": "5ec8f081-8ee8-47df-b97c-cddd3582821f",
    "data": [
      {
        "text": "my name is ",
        "userDefined": false
      },
      {
        "text": "imran",
        "meta": "@sys.given-name",
        "alias": "name",
        "userDefined": true
      }
    ],
    "isTemplate": false,
    "count": 0,
    "lang": "en",
    "updated": 0
  }
]