[
  {
    "id": "e84303eb-4a65-4b9e-9364-4ec7f89254b5",
    "data": [
      {
        "text": "thank you",
        "userDefined": false
      }
    ],
    "isTemplate": false,
    "count": 0,
    "lang": "en",
    "updated": 0
  },
  {
    "id": "bd72761e-003e-4e8c-9080-05752485c882",
    "data": [
      {
        "text": "thanks",
        "userDefined": false
      }
    ],
    "isTemplate": false,
    "count": 0,
    "lang": "en",
    "updated": 0
  },
  {
    "id": "74f212c5-be6f-448d-b23a-9dcf3bbfbe1c",
    "data": [
      {
        "text": "No, Thank you..!",
        "userDefined": false
      }
    ],
    "isTemplate": false,
    "count": 0,
    "lang": "en",
    "updated": 0
  }
]