[
  {
    "id": "f76b2a7a-5e10-44ef-a356-e55f8ff7d56a",
    "data": [
      {
        "text": "meetings",
        "userDefined": false
      }
    ],
    "isTemplate": false,
    "count": 0,
    "lang": "en",
    "updated": 0
  },
  {
    "id": "52f579e2-4849-4dba-99a6-5663bb0a5b5e",
    "data": [
      {
        "text": "weddings",
        "userDefined": false
      }
    ],
    "isTemplate": false,
    "count": 0,
    "lang": "en",
    "updated": 0
  },
  {
    "id": "b49ae3e3-3a37-42a0-9510-d5ad37d64f98",
    "data": [
      {
        "text": "meeting",
        "userDefined": false
      }
    ],
    "isTemplate": false,
    "count": 0,
    "lang": "en",
    "updated": 0
  },
  {
    "id": "37d903e0-a41d-4ea3-b82d-2bae410fff7e",
    "data": [
      {
        "text": "wedding",
        "userDefined": false
      }
    ],
    "isTemplate": false,
    "count": 0,
    "lang": "en",
    "updated": 0
  },
  {
    "id": "b36f811f-c7aa-4439-998c-9b8b317cdf0a",
    "data": [
      {
        "text": "Weddings \u0026 Meetings",
        "userDefined": false
      }
    ],
    "isTemplate": false,
    "count": 0,
    "lang": "en",
    "updated": 0
  }
]